Artist,ArtistScore
tracy byrd,1
debbie davies,0
glad,0
aaron watson,0
toni braxton,1
winifred phillips,0
trey songz,1
quadro nuevo,0
maurane,0
paramore,1
tyler collins,0
eric clapton,0
a different breed of killer,0
the presets,0
brian littrell,0
bebe winans / stephanie mills,0
non stop djs,0
snow,0
the chap,0
shane minor,0
t-bone,0
bob marley,0
steinski,0
dixie chicks,1
boards of canada,0
wet wet wet,0
kanye west / adam levine,0
crossfade,0
joshua kadison,0
bon jovi,0
dj harry,0
aaron tippin,0
darwin hobbs,0
hannah montana,1
gucci mane,1
nick lachey,0
christina aguilera,1
beenie man,0
32 leaves,0
bo bice,0
sheryl crow,1
james carter,0
epmd,0
alice in chains,0
aretha franklin,0
jimmy page,0
mastodon,1
dolores keane,0
the statler brothers,0
backstreet boys,1
kathy troccoli,1
korn,1
montgomery gentry,0
kanye west,1
brooks & dunn,1
irma thomas,0
justin bieber,1
glee cast,1
moonspell,0
janet,0
belle and sebastian,0
phil collins,1
carl thomas,0
donell jones,1
jason michael carroll,0
paris hilton,0
photek,0
glenn frey,0
pascal sangla,0
phil vassar,1
dora the explorer,0
selena gomez & the scene,0
architecture in helsinki,0
cargo cult,0
finest dearest,0
poncho sanchez,0
rick astley,0
cobra killer,0
marco beltrami,0
rod stewart,1
red hot chili peppers,0
dead prez,0
sheek louch,0
heart,0
keb mo,0
metallica,1
eazy-e,0
klaus badelt,0
ferras,0
gene chandler,0
arturo sandoval,0
the killers,1
eminem,1
das efx,0
luscious jackson,0
liquid soul,0
semisonic,0
otis spann,0
gwar,0
daniel johnston,0
baroness,0
since the flood,0
b.b. king,0
mary j. blige,1
breaking benjamin,1
aaliyah,1
garbage,1
jaheim,1
luther vandross,1
vangelis,0
les malpolis,0
uncle kracker,1
abijah,0
m83,0
salt-n-pepa,0
saigon kick,1
andy & lucas,0
puddle of mudd,0
suicide,0
shakira,1
mons leidvin takle,0
broadcast,0
roger creager,0
orbital,0
joe bonamassa,0
desmond child,0
system of a down,0
jefferson starship,0
bill perry,0
kill the client,0
milk inc.,0
storyville,0
ugly kid joe,0
eric champion,0
radio birdman,0
sugarbomb,0
remy shand,0
kenny g,0
steel pulse,0
u2,1
eyes set to kill,0
alice deejay,0
flora purim,0
kitaro,0
jomanda,0
dave hollister,1
heavy d & the boyz,0
bedrock,0
george strait,1
duran duran,1
the cardigans,0
mando diao,0
lifehouse,0
5th ward boyz,0
mika,1
ne-yo,0
connie smith,0
karyn white,0
en vogue,0
master p,1
rhian sheehan,0
domino,0
mis-teeq,0
paul brown,0
russell malone,0
brown boy,0
black sheep,0
temple of the dog,0
mya featuring jadakiss,0
blue october,1
kris allen,0
jordan & baker,0
onerepublic,1
bob dylan,1
coldplay,1
mario,0
emerson drive,0
beherit,0
jeff scott soto,0
ludacris,1
dark fortress,0
nirvana,1
roxette,1
cypress hill,1
geggy tah,0
annie lennox,0
the cover girls,0
orquesta america,0
inxs,1
genesis,1
elephant man,0
boss,0
billy dean,0
stephen marley / damian marley,0
tim mcgraw,1
nofx,0
laurie berkner,0
autumnblaze,0
jay & the americans,0
otis taylor,0
the hives,0
mark wills,0
the ataris,0
faith evans,0
m.i.k.e.,0
jack ingram,0
billy bragg,0
shedaisy,1
mindy mccready,1
the click five,0
tim exile,0
foo fighters,1
"clarence gatemouth"" brown""",0
martina mcbride,1
mariah carey,1
mouth of the architect,0
primordial,0
moist,0
urge overkill,0
queen latifah,0
jake hess,0
99 posse,0
liars,0
vivian green,0
lionel richie,1
50 cent,1
noemi,0
dawn penn,0
teairra mari,0
kristine w.,0
the pharcyde,0
robin s.,0
madonna,1
gertrudis,0
taylor swift,1
sting,1
rascal flatts,1
michael jackson,1
beyonce,1
kenny rogers,1
usher,1
gary allan,1
rakim,0
stevie wonder,0
zac brown band,1
steve perry,0
gal costa,0
micachu,0
wyclef jean,0
bebo norman,0
r.l. burnside,0
toby keith,1
shaquille oneal,1
3 doors down,1
darden smith,0
danielle bollinger,0
janet jackson,1
luke bryan,1
nick jonas & the administration,0
tex williams,0
liquid stranger,0
leann rimes,0
dave eggar,0
grand puba,0
finntroll,0
wisin & yandel,0
firehouse,0
mau mau,0
nina sky featuring jabba,0
dwele,0
george lopez,0
godsmack,1
snoop dogg,1
outkast,0
radiohead,0
eyehategod,0
astarte,0
gorillaz,1
celine dion and peabo bryson,0
ayo,0
leo gandelman,0
mxpx,0
jim reeves,0
the almost,0
bryan ferry,0
pyrolator,0
2pac,1
samantha mumba,0
dj quik,1
the maine,0
fever ray,0
life in your way,0
ginuwine,0
rajery,0
t.i.,1
the smashing pumpkins,0
keith urban,1
leona lewis,1
too $hort,0
john digweed,0
marky mark & the funky bunch,0
demi lovato,1
natalie merchant,0
jon secada,0
bounty killer,0
joe nichols,0
the bucketheads,0
converge,0
sofia karlsson,0
bt,0
dax riggs,0
john sebastian,0
diesel boy,0
aaron carter,0
line renaud,0
stress assassin,0
death from above 1979,0
nice & smooth,0
b*witched,0
kelly sweet,0
carl smith,0
jennifer lopez,1
johannes linstead,0
joshua radin,0
shriekback,0
the badlees,0
kaija koo,0
johnny horton,0
dangelo,0
spiral stairs,0
depeche mode,1
all-4-one,1
monty are i,0
elliot goldenthal,0
tim wilson,0
sneaky sound system,0
desree,0
kalimba,0
badmarsh & shri,0
dropkick murphys,0
sick of it all,0
chaka khan,0
blackstreet,1
lenny kravitz,1
donna the buffalo,0
the distillers,0
t.o.k.,0
plain white ts,0
glen washington,0
showbread,0
babyface,0
goose,0
warrant,0
information society,0
dave weckl,0
blessid union of souls,1
swallow the sun,0
papa wemba,0
john mellencamp,0
bell biv devoe,0
darius rucker,1
bad boys da band,0
lil band o gold,0
eric church,1
adam richman,0
grayson capps,0
tito puente,0
tranzas,0
ll cool j,1
quad city djs,0
patrick lamb,0
finger eleven,1
charlie peacock,0
wade hayes,0
soundgarden,0
gina thompson,0
lara & reyes,0
negura bunget,0
beastie boys,1
dc talk,0
shakedown,0
alanis morissette,1
hem,0
rodney o & joe cooley,0
novaspace,0
superchumbo,0
safire,0
louisa mark,0
p.o.d.,0
simply red,0
tsar,0
perrey and kingsley,0
marc anthony,0
nine inch nails,0
carlos ponce,0
citizen kaned,0
pepper,0
cher,1
isabel pantoja,0
k-ci & jojo,1
redman,0
ginny owens,0
alicia keys,1
olivia,0
andrew w.k.,0
bad boys blue,0
degrees of motion,0
mario vazquez,0
atomic rooster,0
speech,0
shelby lynne,0
tyrese,1
strata,0
stargarden,0
hi-fi companions,0
the cure,1
jim chappell,0
marques houston,0
zuma,0
jars of clay,0
rita chiarelli,0
juana molina,0
keep of kalessin,0
rupee,0
captain hollywood project,0
goo goo dolls,1
orianthi,0
ashlee simpson,1
bruno mars,1
lasgo,0
big & rich,1
zebra,0
halfway to gone,0
butthole surfers,0
dala,0
john debney,0
margaret becker,0
leigh jones,0
kym sims,1
themselves,0
debbie gibson,0
norther,0
ashtrax,0
dimmu borgir,0
jonas brothers,1
sizzla,0
a perfect circle,0
john legend,1
aerosmith,1
blink-182,1
richard marx,0
the black crowes,0
paul geremia,0
westside connection,0
puff johnson,0
phajja,0
vitamin c,1
brad paisley,1
stephen marley,0
t.g. sheppard,0
chante moore,0
norah jones,1
one block radius,0
john frizzell,0
r. kelly,0
britney spears,1
caspian,0
tesla,1
brandy,1
marc dorsey,0
nas,1
richie rich,0
the high strung,0
the stooges,0
shawn colvin,0
mae west,0
amy grant,0
cake,0
jonny lang,0
arctic monkeys,0
pearl jam,1
richard galliano,0
alana davis,0
the crystal method,0
devanic,0
everything but the girl,0
vertical horizon,0
stacie orrico,0
tommy castro,0
fall out boy,0
sandi thom,0
mariano yanani,0
seven mary three,1
pilar montenegro,0
michael bolton,1
bob carlisle,0
boyz ii men,1
atomship,0
jodeci,0
guaco,0
snow patrol,0
lexie mountain boys,0
blackalicious,0
james newton howard,0
liz phair,0
bow wow wow,0
gonzalo rubalcaba,0
creedence clearwater revisited,0
simon & garfunkel,0
bone thugs-n-harmony,1
limp bizkit,1
charlie haden,0
cama,0
digital mystikz,0
lifer,0
bongzilla,0
toots & the maytals,0
clipse,0
blind boy fuller,0
orthrelm,0
ten madison,0
karen peck and new river,0
unk,1
alan jackson,1
jennifer hanson,0
stevie ray vaughan and double trouble,0
buju banton,0
nolwenn leroy,0
ice-t,0
nando lauria,0
the all-american rejects,1
judas iscariot,0
la portuaria,0
intonation featuring joee,0
the strokes,1
set your goals,0
paul cantelon,0
taint,0
amoral,0
shaggy,0
eastmountainsouth,0
zeromancer,0
david banner,1
billy ray cyrus,1
nerf herder,0
swami,0
shades,0
adam ant,0
whitney houston,0
clay crosse,0
tha liks,0
michael gettel,0
jesse malin,0
nicolas bacchus,0
john wesley,0
cross country,0
the irish tenors,0
goodie mob,1
kut klose,0
lil suzy,0
x-ecutioners featuring tom tom club & biz markie,0
behemoth,0
alexis hk,0
robyn,0
max-a-million,0
jinny,0
sade,1
good charlotte,0
blind lemon jefferson,0
the roches,0
ffh,0
sandy posey,0
saliva,0
bill douglas,0
easy star all-stars,0
helmet,0
tamia,1
heavenly,0
trick trick / eminem,0
the offspring,0
shadows fall,0
destinys child,1
steve vai,0
oasis,0
galactic,0
tre,0
vhs or beta,0
bmx bandits,0
vanessa daou,0
becky baeling,0
casa bulga,0
barenaked ladies,0
neviss,0
turisas,0
los fabulosos cadillacs,0
bob wills,0
thrice,0
lady gaga,1
group home,0
tracy chapman,0
ben sidran,0
solo,0
luke vibert,0
dcx,0
nelly furtado,1
scott matthews,0
atman,0
charley patton,0
adam lambert,1
spose,0
cadacross,0
lil wayne,1
cockney rejects,0
moss,0
deborah cox,0
devo,0
v v brown,0
amorphis,0
black tambourine,0
pierre perret,0
porter wagoner,0
sophie b. hawkins,0
nelly,0
p!nk,1
maroon 5,1
keith washington,0
arc angels,0
loudermilk,0
danny williams,0
matisyahu,0
porcupine tree,0
los amigos invisibles,0
carl cox vs yousef,0
jordin sparks,1
stephan micus,0
kardinal offishall / keri hilson,0
counting crows,0
las ketchup,0
talvin singh,0
george harrison,0
terry callier,0
kt tunstall,0
mance lipscomb,0
nickelback,0
tigertailz,0
silversun pickups,0
dj icey,0
tech n9ne,1
color me badd,1
francis dunnery,0
bobby pulido,0
george nooks,0
tlc,1
yaki-da,0
donna fargo,0
agnostic front,0
walter trout,0
50 cent / mobb deep,0
mu330,0
sunscreem,0
the mars volta,0
christophe beck,0
ann lee,0
fergie,1
john mayall,0
wilson phillips,0
bersuit vergarabat,0
warrior king,0
naughty by nature,1
david bowie,1
death ss,0
patty griffin,0
rise against,0
lara,0
cauterize,0
love jones,0
daft punk,0
pressha,0
kings of leon,0
the ting tings,0
extreme,0
whitney cummings,0
britt nicole,0
aynsley lister,0
unkle bob,0
glee cast featuring jonathan groff,1
sara bareilles,0
jimmy mccracklin,0
wolfmother,0
rachel portman,0
keith murray,0
roger clyne & the peacemakers,0
sierra maestra,0
the chieftains,0
guns n roses,1
john williams,0
matt redman,0
jan wayne,0
clay davidson,0
tq,0
daughtry,0
n2deep,0
harry gregson-williams,0
humanzi,0
lollipop lust kill,0
deborah coleman,0
audioslave,1
no mercy,0
fruit de la passion,0
super cat,0
third eye blind,1
avant,1
prince,1
glee cast featuring gwyneth paltrow,1
steve riley & the mamou playboys,0
b.g. the prince of rap,0
williamson,0
dakota moon,0
diamond d,0
sister hazel,0
iggy pop,0
john van tongeren,0
mike vax,0
melissa etheridge,0
alabama,0
jerry goldsmith,0
bel canto,0
snowgoons,0
gene autry,1
ms. dynamite,0
bob neuwirth,0
2 in a room,0
kool savas,0
shaggy / brian & tony gold,0
sandra mihanovich,0
lonestar,0
kid cudi,1
incubus,1
wynonna,0
the berzerker,0
fyah blaze,0
charice,0
photo atlas,0
justin timberlake,1
nick cave & the bad seeds,1
chris brown,1
eddie turner,0
simple minds,0
josh groban,0
linkin park,0
shinedown,1
goldfish,0
bebe winans,0
buddy johnson,0
philip bailey,0
natasha bedingfield,1
memphis minnie,0
ace of base,1
queens of the stone age,0
gustavo santaolalla,0
the black eyed peas,1
tilman sillescu,0
bette midler,0
hootie & the blowfish,1
the pineapple thief,0
jason aldean,1
the gone jackals,0
new order,1
avril lavigne,1
ub40,1
raheem devaughn,0
trixter,1
mudhoney,0
giggles,0
dons,0
desert dwellers,0
teenage fanclub,0
the blind boys of alabama,0
no doubt,1
the exies,0
total,0
dj clue / p. diddy,0
gerardo,0
bessie smith,0
ace frehley,1
frank stokes,0
akon,1
billy lawrence,0
vivian,0
k.d. lang,1
jack johnson,1
chris rea,0
the rolling stones,1
andy griggs,0
drama,0
kenny chesney,1
basic channel,0
jim jones,0
the ronettes,1
emf,0
terry riley,0
jk,0
mississippi fred mcdowell,0
stimulator,0
lords of the underground,1
the dillinger escape plan,0
lady saw,0
nightwish,1
loop guru,0
foals,0
craig morgan,0
bad azz,0
musiq,0
gunther & the sunshine girls,0
aiden,0
the funeral pyre,0
qt,0
deep forest,1
billie jo spears,0
zeca baleiro,0
john michael montgomery,1
del the funky homosapien,0
beck,1
run-d.m.c.,0
aesop rock,0
jah cure,0
mighty mighty bosstones,0
moving ninja,0
juelz santana / bezel,0
legacy five,0
bonnie raitt,0
a tribe called quest,1
yankee grey,0
helen love,0
walter jackson,0
cancer bats,0
dexys midnight runners,0
life long tragedy,0
republica,0
rome,1
taal,0
funeral for a friend,0
les ogres de barback,0
electronic pig,0
basement jaxx,0
maurice chevalier,0
tom petty and the heartbreakers,1
rtz,0
sonia dersion,0
planetakis,0
johnny osbourne,0
38 special,0
carrie underwood,1
the jesus and mary chain,0
sirka ragnar,0
the rock heroes,0
craig wedren,0
seal,0
bruce springsteen,1
dinosaur jr,0
uphill battle,0
crazy horse,0
miossec,0
the tokens,0
enthroned,0
solas,0
jermaine dupri,0
heavy d,0
doug macleod,0
katy perry,1
van halen,0
the last days of jesus,0
k-os,0
julie roberts,0
my chemical romance,0
uriah heep,0
elakelaiset,0
loudon wainwright iii,0
mavado,0
xscape,0
amy winehouse,1
george michael,1
smokie norful,0
andreas dorau,0
shania twain,1
faith hill,0
lil kim,0
vanessa williams,0
robben ford,0
reba mcentire,0
dj guy,0
slim whitman,0
john hammond,0
goddess,0
miley cyrus,1
a tundra,0
far too jones,0
jaydee,0
vanilla ice,1
meat loaf,0
white willow,0
shinehead,0
hot tuna,0
hall & oates,0
willie rosario,0
skyforger,0
ensiferum,0
gary moore,0
faithless,0
garth brooks,1
zapp & roger,0
zombie girl,0
placebo,0
paul avgerinos,0
dart,0
dntel,0
elmo & patsy,0
morgion,0
outerspace,0
weedeater,0
danilo perez,0
sick on the bus,0
4 the cause,0
low millions,0
the wilkinsons,0
ricardo lemvo,0
bleed the sky,0
l.a. guns,0
mobb deep,1
lonnie gordon,0
vanessa hudgens,1
the lord weird slough feg,0
40 grit,0
sergio dalma,0
busdriver,0
mago de oz,0
jake owen,1
planet soul,0
lost boyz,1
various production,0
scorpions,0
anti-flag,0
inspiral carpets,0
travis tritt,0
jill scott,0
jimmy herring,0
long beach dub allstars,0
the jane shermans,0
suzi quatro,0
city high,0
tinariwen,0
kmd,0
death cab for cutie,1
deee-lite,0
webb wilder,0
jimmy wakely,0
papa roach,1
black messiah,0
chris standring,0
darryl worley,0
jewel,0
tori amos,0
torcuato mariano,0
william orbit,0
delbert mcclinton,0
cracker,0
fugees,0
rihanna,1
matchbox 20,0
miranda lambert,1
trace adkins,1
slick rick,0
3 of hearts,0
coco montoya,0
hanson,0
rhian benson,0
cookies,0
zbigniew preisner,0
papoose,0
eluveitie,0
missy elliott,1
les sexareenos,0
soulwax,0
2 minutos,0
angels & airwaves,0
soul for real,0
rappin 4-tay,0
pat metheny,1
jerry lewis,0
midwest product,0
deadboy & the elephantmen,0
json,0
marcio faraco,0
fu-schnickens,0
public announcement,0
pride tiger,0
arthur tracy,0
american idol finalists season 4,0
kathy mattea,0
pyranja,0
gwen stefani,1
bobby brown,0
tracy lawrence,0
junior reid,0
jeremy spencer,0
don & juan,0
skyclad,0
jellyfish,0
shae jones,0
t-pain,0
cece winans,0
bassturk,0
carl crack,0
novembre,0
flamin groovies,0
valient thorr,0
hey colossus,0
daniel bedingfield,0
samy deluxe,0
kris kross,1
statues,0
da brat,1
casiotone for the painfully alone,0
big punisher featuring donell jones,0
gary go,0
ec8or,0
poncho sanchez / dianne reeves,0
pedro luis e a parede,0
the dylans,0
year long disaster,0
lupe fiasco,0
atb,0
marcie blane,0
lindsay lohan,0
billy joel,0
rick ross,1
pacha massive,0
iggy and the stooges,0
baby bash / grimm,0
tshala muana,0
gloria estefan,0
hoobastank,0
stereo mcs,0
noah lewis,0
alex gopher,0
auf der maur,0
gisselle,0
defari,0
the radio dept,0
owsley,0
disturbed,1
dokken,0
big audio,0
natural elements,0
teena marie,0
bee gees,0
nana mouskouri,0
becoming the archetype,0
mystikal,0
black eyed peas,0
house of lords,0
bare jr.,0
k.m.c. kru,0
session americana,0
tanto metro & devonte,0
suicidal tendencies,0
enrique iglesias,0
heather headley,0
dru down,1
africando,0
phantom planet,0
ashley tisdale,0
youves,0
jope ruonansuu,0
gin blossoms,0
bobaflex,0
the lemonheads,0
jennifer lopez featuring fat joe,0
eric burdon,0
pepe kalle,0
emilia,0
staind,1
q-tip,0
kelly clarkson,1
junior kimbrough,0
the proclaimers,0
walter ego,0
michael buble,1
arsonists get all the girls,0
the prodigy,0
ini kamoze,0
m2m,0
mark morrison,0
hubert kah,0
andru donalds,0
j.b. lenoir,0
mariachi silvestre vargas,0
blind blake,0
gillette,0
dierks bentley,1
geier sturzflug,0
lot lorien,0
be bop deluxe,0
riddlin kids,0
iyaz,0
stephen pearcy,0
goatwhore,0
paul thorn,0
horace andy,0
after 7,0
twila paris,0
savage garden,1
crucial conflict,0
shawn mullins,0
black debbath,0
tracie spencer,1
imani coppola,0
big punisher,0
cherish,0
open hand,0
blaque,0
spongebob squarepants,0
the brand new heavies,0
the suicide machines,0
malkit singh,0
charlotte gainsbourg,0
kassav,0
busta rhymes,0
mack 10,0
pink floyd,1
jazzy b,0
sapo,0
anita baker,0
abraham laboriel,0
james taylor quartet,0
audio adrenaline,0
colin james,0
drs,0
anthony hamilton,0
keith anderson,0
marc shaiman,0
taking back sunday,0
az,0
juanes,0
cherrelle,0
soul asylum,0
steve morse,0
michelle branch,1
pelle carlberg,0
josh gracin,1
for squirrels,0
buzzcocks,0
newfound road,0
maxi priest,1
onyx,1
silverchair,0
big maybelle,0
mr. big,0
kool keith,0
amanda marshall,0
deepest blue,0
joey mcintyre,0
rubyhorse,0
delirious,0
504 boyz,0
jaguares,0
tina ann,0
dee clark,0
rupaul,1
danny barnes,0
the antlers,0
mulberry lane,0
the script,1
elvin bishop,0
bob marley & the wailers,0
sub focus,0
mikaila,0
aaron hall,0
charlie rich,0
chroma key,0
capone-n-noreaga,0
beyonce featuring slim thug,0
marshall crenshaw,0
wreckx-n-effect,1
martin sexton,0
lady antebellum,1
jackie edwards,0
the tony rich project,0
danity kane,0
the outhere brothers,0
zo2,0
willie isz,0
donnie mcclurkin,0
marlene dietrich,0
the tragically hip,0
4him,0
the birds,0
soilent green,0
vulgar pigeons,0
brenda lee,1
chiddy bang,0
def leppard,1
eddie money,1
remmy ongala,0
big star,0
joe mcbride,0
new edition,1
ralph tresvant,0
xzibit,0
stefon harris,0
sigmatropic,0
tyr,0
daddy yankee,1
grandpa jones,0
wendy moten,0
bury your dead,0
dishwalla,0
marcus miller,0
randy travis,1
trustcompany,0
nightfall,0
smartbomb,0
damian dame,0
nic endo,0
firehose,0
lee ann womack,0
sarah mclachlan,1
kraftwerk,0
saving abel,0
story of the year,0
flyleaf,0
mariah carey featuring da brat & jd,0
toots thielemans,0
chelsea,0
chris cagle,0
christina perri,0
out of the grey,0
lil mama,0
call to preserve,0
monica,1
hot club of cowtown,0
luciana souza,0
every time i die,0
schoolyard heroes,0
eagles,1
bloomfield,0
jon b,1
erick sermon,0
blue rodeo,0
jody watley,0
pennywise,0
jo dee messina,0
kitty wells,0
sugar minott,0
nick colionne,0
rebecca lynn howard,0
kapelle herrenweide,0
future leaders of the world,0
inhume,0
aly & aj,1
soul ballet,0
frankee,0
little feat,0
chuck wicks,0
mannheim steamroller,0
lisa lynne,0
snap!,0
the knux,0
mat kearney,0
john ottman,0
cornell campbell,0
sergio mendes,0
adrienne pierce,0
joe lopez,0
john forte,0
cocoa tea,0
n.e.r.d.,0
lisa lisa & cult jam,0
carlos vives,0
suga free,0
mithotyn,0
jay-z,0
mandi,0
kellie coffey,0
tyrone wells,0
darren hayes,0
floor,0
skeletonwitch,0
tony matterhorn,0
jaime urrutia,0
dru hill,1
gerald clayton,0
method man,0
n.w.a.,0
freedy johnston,0
alexandre desplat,0
luiz bonfa,0
precious bryant,0
sunnyland slim,0
moments in grace,0
celine dion,1
jade,1
dionne warwick,0
a static lullaby,0
keyshia cole,1
david arkenstone,0
jesus jones,0
rishi rich,0
mike jones,0
chris eaton,0
amil,0
irwin goodman,0
jeff wahl,0
hi-five,1
the jason bonham band,0
grizzly bear,0
cirrus,0
p.m. dawn,1
piero umiliani,0
benabar,0
youngbloodz,0
the-dream,0
tiny tim,0
wilshire,0
sportsguitar,0
alexisonfire,0
the radio dept.,0
the outfield,0
charlie mccoy,0
ana popovic,0
patti smith,0
cascada,0
cristian castro,0
matchbox twenty,0
jimi hendrix,0
hysterie,0
omarion featuring gucci mane,0
nia peeples,0
morrissey,0
francis lai,0
scar symmetry,0
bodeans,1
the dreamtree project,0
da youngstas,0
smart es,0
sara evans,1
sean kingston,0
kelly rowland,0
asleep at the wheel,0
izzy stradlin and the ju ju hounds,0
timbaland featuring keri hilson,0
22-20s,0
marilyn scott,0
luis fonsi,0
fuel,0
blake shelton,1
tevin campbell,1
brigada victor jara,0
dusminguet,0
dj godfather,0
room 5,0
dave brockie experience,0
jonell & method man,0
fenton robinson,0
plasmatics,0
ha-ash,0
danny gokey,0
jude taylor & his burning flames,0
aaron neville,0
jazmine sullivan,1
ice cube,0
bob hope,0
sum 41,0
oldelaf et monsieur d,0
ozzy osbourne,1
dashboard confessional,1
joe bataan,0
fito paez,0
the temper trap,0
sonic subjunkies,0
zombina & the skeletones,0
the who,1
eddie cantor,0
gus viseur,0
the beatles,1
the exciters,0
taking dawn,0
the rentals,0
the jeff healey band,0
taylor dayne,0
the race,0
macy gray,0
frankie j,1
corina,0
markscheider kunst,0
zhane,0
latour,0
shiny toy guns,0
lyrics born,0
north mississippi allstars,0
stevie b,0
little milton,0
seventh day slumber,0
from autumn to ashes,0
bowling for soup,0
vilma palma e vampiros,0
shelly manne,0
link,0
poison,1
daddy yankee / may-be,0
gob,0
c.c. adcock,0
leona naess,0
cece peniston,0
chris walker,0
k.t. oslin,0
yami bolo,0
moraes moreira,0
ryan cabrera,0
ol dirty bastard,0
stars like fleas,0
love and rockets,0
bullet for my valentine,0
charley pride,0
charlie byrd,0
bravehearts,0
david gray,0
joe rogan,0
chrisette michele,0
l7,0
changing faces,0
five for fighting,1
philip glass,0
monster magnet,0
ciara,0
michael w. smith,1
david cook,0
eddy raven,0
dmx,1
seether,1
jessica simpson,0
theodore shapiro,0
owl city,0
white town,0
the all american rejects,0
montell jordan,1
afi,1
plump djs,0
joe jonas,0
les brown,0
xcultures,0
brian tyler,0
usher featuring the nu beginning,0
cherish the ladies,0
artists stand up to cancer,0
fleet foxes,0
lutricia mcneal,0
billy currington,1
brooks & dunn featuring reba mcentire,0
erykah badu,1
radio moscow,0
a+,0
gerald levert,0
the summer obsession,0
miranda lee richards,0
everyday sunday,0
damn yankees,1
ty herndon,0
bacilos,0
mike bloomfield,0
yg,0
jazz gillum,0
capleton,0
the forms,0
mims,0
atari teenage riot,0
noisettes,0
james blunt,0
maximilian hecker,0
stew,0
the balustrade ensemble,0
the band perry,0
brokencyde,0
paula abdul,1
bad religion,0
scott glasgow,0
augustana,0
kellie pickler,1
oceansize,0
jason & the scorchers,0
cathy dennis,1
beogradski sindikat,0
pat green,0
will ackerman,0
the real kids,0
high school musical 3 cast,0
2raumwohnung,0
daryl braithwaite,0
fun lovin criminals,0
northern state,0
the klf,0
obie bermudez,0
tullycraft,0
kari tapio,0
mary black,0
camron,0
gabriel yared,0
vuneny,0
epmd / nocturnal,0
bert kaempfert,0
colombiafrica - the mystic orchestra,0
95 south,0
james horner,0
heaven 17,0
brian mcknight,1
the rapture,0
big dee irwin,0
gang starr,0
lisa stansfield,0
kekele,0
trick trick / obie trice,0
joe satriani,1
carpenters,1
isyss,0
sylvia tosun,0
maurane / lara fabian,0
skeeter davis,0
r.e.m.,1
anne dudley,0
memphis jug band,0
tum tum,0
g unit,0
ma rainey,0
kaizers orchestra,0
mint condition,0
hank locklin,0
coolio,0
yeah yeah yeahs,0
vince gill,0
peggy zina,0
bombay rockers,0
esa pakarinen,0
shanadoo,0
milieu,0
organized konfusion,0
avril - remix by ana rago,0
ancient astronauts,0
john mayer,1
smokey robinson,0
selena gomez,1
dinosaur jr.,0
kane,0
inner circle,0
novika,0
syl johnson,0
arrested development,1
jesse mccartney,0
fantasia,1
bill laswell,0
jazzy jeff & the fresh prince,0
cassidy,0
theory of a deadman,1
velvet revolver,0
black eyed peas / les nubians / mos def,0
slackbaba,0
house of pain,1
africando all stars,0
next,0
flutlicht,0
lighter shade of brown,0
bloc party,0
dean martin,1
joe public,0
el gran combo de puerto rico,0
zombiesuckers,0
the clark family experience,0
roger sanchez,0
dwight yoakam,0
unearth,0
curtis,0
69 boyz,0
tiny bradshaw,0
kem,1
ryandan,0
lily allen,0
babylon disco,0
sonora carruseles,0
seventh star,0
neon blonde,0
david summers,0
lizzy borden,0
heavy d / mcgruff,0
the frequency,0
symphony in peril,0
train,1
k7,0
tito rodriguez,0
daryl hall & john oates,0
little willie john,0
she satellites,0
event horizon,0
charanga forever,0
pretty ricky,1
wolfchant,0
this or the apocalypse,0
alex ubago,0
patton oswalt,0
janitor joe,0
robin thicke,0
fast eddie,0
bizarre inc,0
nicho hinojosa,0
simple plan,0
taylor hicks,0
ghost machine,0
twin atlantic,0
daryl hall john oates,0
w.a.s.p.,0
i hate sally,0
the black keys,0
bad company,0
elvenking,0
abysmal dawn,0
year of desolation,0
jacques dutronc,0
jaime jamgochian,0
f.i.r.,0
stephen warbeck,0
soilwork,0
josh turner,1
don francisco,0
trentemoller,0
andrea martin,0
thirty seconds to mars,1
skrape,0
bottom of the hudson,0
billy gilman,0
debelah morgan,0
d12,0
css,0
sylvester weaver,0
tom petty,0
three days grace,0
claw hammer,0
bobby darin,0
sub swara,0
damage,0
opiate for the masses,0
doyle bramhall,0
modeselektor,0
anthony cruz,0
the escape club,0
angelica,0
joe diffie,1
yung berg featuring casha,0
bryan adams,1
taya wooden,0
boyz n da hood,0
talking heads,0
methods of mayhem / scott kirkland,0
estopa,0
michael morales,0
belphegor,0
jeckyll & hyde,0
less than jake,0
xlnc,0
in extremo,0
regina belle,0
al denson,0
styles p,0
keane,0
johnny gill,0
stone temple pilots,0
frost,0
eliane elias,0
brady seals,0
son by four,0
jennifer lopez featuring styles & jadakiss,0
ricky martin,1
lloyd,0
bill engvall with special guest travis tritt,0
artists for haiti,0
buddy miles,0
christopher wilde,0
pascal obispo,0
swizz beatz,0
bigelf,0
siouxsie,0
martha wainwright,0
jack off jill,0
kool moe dee,0
albert collins,0
the fever,0
lisa lisa and cult jam,0
richie ray & bobby cruz,0
little brother,0
the veronicas,0
esser,0
grupo batuque,0
stone sour,0
ghorwane,0
hoku,0
she moves,0
erja lyytinen,0
trivium,1
crystal waters,0
marc lavoine,0
cleopatra,0
warren barfield,0
collin raye,0
tantric,0
crematorium,0
terror fabulous,0
natural selection,0
fruko y sus tesos,0
coldworld,0
at all cost,0
black eyed peas / terry dexter,0
real mccoy,0
juelz santana,0
!!!,0
maxwell,0
ephraim lewis,0
j.j. cale,0
the disposable heroes of hiphoprisy,0
the ocean,0
evanescence,0
ashton shepherd,0
deekline & wizard,0
hole,0
gene clark,0
jennifer lopez featuring big pun & fat joe,0
kyle eastwood,0
patsy cline,0
furry lewis,0
mother superior,0
pagan wanderer lu,0
restless heart,0
wu-tang clan,0
bodies in the gears of the apparatus,0
dave valentin,0
robin fox,0
dave matthews band,0
lit,0
eberhard weber,0
truckfighters,0
reba,1
lloyd banks,0
stevie ray vaughan,0
buddy jewell,1
masta ace incorporated,0
keith sweat,0
terror squad / remy / prospect / armageddon,0
candlebox,0
"10,000 maniacs",0
saosin,0
screamin jay hawkins,0
hot chip,0
kandi,0
kasia stankiewicz,0
susan boyle,0
die fantastischen vier,0
shai,0
eiffel 65,0
coo coo cal,0
the field mice,0
olivia ruiz,0
kalibas,0
cradle of filth,0
queensryche,0
luniz,0
trent tomlinson,0
david nail,0
russ irwin,0
black box,0
rob thomas,1
boy george,0
mad lion,0
tina turner,0
sleepy john estes,0
danny elfman,0
stanley clarke,0
workhorse,0
facto delafe y las flores azules,0
ashanti,0
tin hat trio,0
edward maya & vika jigulina,0
paul glazby,0
candyman,0
panzer ag,0
blind willie mctell,0
trisha yearwood,1
t-la rock,0
the highwaymen,0
peter gallagher,0
voice of the beehive,0
bally sagoo,0
daler mehndi,0
sticky fingaz,0
sonny terry,0
the click,0
byther smith,0
sylver,0
james hunter,0
the rebel pebbles,0
dub pistols feat. tk,0
hi-c,0
sir mix-a-lot,0
new found glory,1
dark party,0
b2k featuring fabolous,0
wendo kolosoy,0
cassie,0
muse,0
eighteen visions,0
patience dabany,0
jibbs,0
disembowelment,0
mungo jerry,0
jamie oneal,0
whitney houston & deborah cox,0
willie colon,0
gorilla zoe,0
michael whalen,0
falco,0
stacy earl,0
prince and the new power generation,0
los chunguitos,0
toad the wet sprocket,0
it dies today,0
kim wilson,0
the fray,0
nestor torres,0
shai hulud,0
the postal service,0
d4l,0
lustra,0
meredith brooks,0
the wiseguys,0
all time low,1
fabolous,1
jerrod niemann,0
ray barretto,0
crystal bowersox,0
ll cool j / freeway,0
del tha funkee homosapien,0
us3,0
weezer,1
alan silvestri,0
the soup dragons,0
tim hughes,0
deitrick haddon,0
king curtis,0
j. cole,1
deborah allen,0
brasilian tropical orchestra,0
cause and effect,0
the northern pikes,0
trick pony,0
minnie riperton,0
zombie nation,0
ms. dynamite / kymani marley,0
this is hell,0
the murmurs,0
immature,0
intex systems,0
pedro aznar,0
krystof,0
chamillionaire,0
jason mraz,1
spice girls,0
mono,0
the galactic heroes,0
ruben studdard,0
terry dexter,0
brooke valentine,0
cliff edwards/disney studio chorus,0
franz ferdinand,0
winston reedy,0
meat puppets,0
joey negro,0
sean paul,0
lord sterling,0
hatiras,0
lighthouse family,0
the cranberries,0
ying yang twins,0
clay walker,1
dragonforce,0
martin denny,0
ai ai ai,0
beres hammond,0
mademoiselle sane,0
alias,0
laissez faire,0
the movement,0
kimberley locke,0
dario marianelli,0
grace gale,0
dilated peoples,0
david benoit,0
cut copy,0
vulture industries,0
speaker,0
hellsongs,0
ryan leslie,0
sister rosetta tharpe,0
martriden,0
sixpence none the richer,0
eve,0
young buck,0
embrace the end,0
portable,0
richie mcdonald,0
the vaughan brothers,0
dynamite deluxe,0
shapeshifters,0
tommy lee,0
hinder,0
gregory isaacs,0
g-unit,0
five,0
styx,0
skid row,0
jennifer hudson,0
concretes,0
juice leskinen,0
maria bamford,0
mikey dread,0
joy enriquez,0
c.j. chenier,0
the verve pipe,0
john mayall & the bluesbreakers,0
tam tam go!,0
at the gates,0
(+44),0
go west,0
the heights,0
maria muldaur,0
little eva,0
three 6 mafia featuring kalenna,0
juliette & the licks,0
duffy,0
benga,0
born jamericans,0
super700,0
i wayne,0
mira,0
tom barabas,0
francesca battistelli,0
cal tjader,0
aqua,0
four tet,0
krs-one,0
jeff foxworthy with alan jackson,0
robert palmer,0
glee cast featuring kristin chenoweth,0
davina,0
shamen,0
stille volk,0
peggy lee,0
sugarland,1
suburbs,0
lightnin slim,0
nino nardini,0
vickie winans,0
los van van,0
dj company,0
minipop,0
anthony blea y su charanga,0
f.l.y. (fast life yungstaz),0
gabinete caligari,0
olive,0
ital tek,0
hotwire,0
patrick bruel,0
alice cooper,0
b.o.b,0
hilary duff,0
chantay savage,0
the panic channel,0
kanye west / lupe fiasco,0
test icicles,0
2gether,0
de la soul / mf doom,0
gold city,0
the white stripes,0
kurupt,0
catupecu machu,0
all city,0
green day,1
steve porter,0
cartel,0
st. lunatics,0
keira green,0
larry the cable guy,0
aceyalone,0
chevelle,0
burning spear,0
jesse malin and the st. marks social,0
defect & quixotic,0
souls of mischief,0
relient k,0
tommy shane steiner,0
gary barlow,0
rodney atkins,0
bone thugs-n-harmony / akon,0
buckcherry,0
kris kristofferson,0
melvins,0
lambda,0
martin page,0
rage against the machine,0
chris young,0
cabas,0
baha men,0
camp lo,0
x-ecutioners,0
positive k,0
boondox,0
asher roth,1
first blood,0
jocelyn enriquez,0
c.l. smooth,0
cold,0
a skylit drive,0
the last vegas,0
the sonics,0
total fucking destruction,0
rickie lee jones,0
winds of plague,0
silk,0
pre,0
yvette michele,0
murphy lee / zee,0
boogie pimps,0
kid frost,0
del amitri,0
martina mcbride with jim brickman,0
aisha duo,0
the four pennies,0
gyptian,0
delroy wilson,0
nastyboy klick,0
james,0
pretenders,0
miguel migs,0
eddie,0
portrait,0
the mighty mighty bosstones,0
chimaira,0
no address,0
jagged edge,0
jackson united,0
bumblefoot,0
nick jonas,0
the wallflowers,0
blaine larsen,0
will young,0
patty loveless,0
chingy,0
mc serch,0
neil sedaka,0
david ball,0
switchfoot,1
alison krauss + union station,0
mongo santamaria,0
landon pigg,0
spinal tap,0
gg allin,0
creed,0
bt feat. jes,0
lee ritenour,0
cheyenne kimball,0
spunk,0
imx,0
the fratellis,0
through the eyes of the dead,0
twista,0
titiyo,0
power pill fist,0
al b. sure!,0
general larry platt,0
the shins,0
blur,0
take it back!,0
ray lamontagne,1
case,0
susana seivane,0
sick puppies,0
tony toni tone,0
the sterns,0
sex pistols,0
russ taff,0
erkki junkkarinen,0
m.i.a.,0
chris isaak,0
mitch ryder,0
sundial aeon,0
gerald veasley,0
djelimady tounkara,0
takaru,0
the ruby suns,0
jessica simpson featuring lil bow wow,0
cupid,0
sugar ray,0
gavin rossdale,0
the commitments,0
johnny cash,1
collective soul,0
blu cantrell,0
dub pistols feat. tk & ashley slater,0
slum village,0
time factory,0
clubland,0
nelson,0
tatyana ali,0
willie bobo,0
professor longhair,0
enter the haggis,0
a*teens,0
athenaeum,0
mya,0
yggdrasil,0
kirk franklin,0
the fabulous thunderbirds,0
tara kemp,0
phantomsmasher,0
the wreckers,0
frederic galliano,0
leeroy stagger,0
3lw,0
chalk farm,0
the zebras,0
corbin bleu,0
daughters,0
old soul,0
rocket from the tombs,0
american hi-fi,0
princess lover,0
sara melson,0
flex,0
sherrie austin,0
fake problems,0
gym class heroes,0
spok frevo orquestra,0
ultraviolence,0
wesley tuttle,0
he is legend,0
speedball,0
johnny copeland,0
war babies,0
tweet,0
"harry connick, jr.",1
bikini machine,0
sonny landreth,0
ll cool j / amil,0
cheri keaggy,0
"weird al"" yankovic""",0
bizzy bone presents,0
shawty lo,0
adele,1
koffee brown,0
dolly parton,1
unwritten law,0
belinda carlisle,0
byzantine,0
belle & sebastian,0
eddie calvert,0
fudge tunnel,0
gustavo cerati,0
ann hampton callaway,0
kristinia debarge,0
bebo & cigala,0
lmfao,0
terri clark,0
sensations,0
the clancy brothers,0
tami davis,0
brenda boykin,0
bad brains,0
bts,1
luke combs,1
youngboy never broke again,1
juice wrld,1
harry styles,1
pop smoke,1
the weeknd,1
post malone,1
drake,1
morgan wallen,1
lewis capaldi,1
lil baby,1
dababy,1
kane brown,1
billie eilish,1
dua lipa,1
cardi b,1
megan thee stallion,1
gabby barrett,1
roddy ricch,1
ava max,1
khalid,1
tyler childers,1
dan + shay,1
lee brice,1
ed sheeran,1
run the jewels,1
marshmello,1
chris stapleton,1
24kgoldn,1
queen,1
sam smith,1
fleetwood mac,1
moneybagg yo,1
travis scott,1
halsey,1
polo g,1
dj khaled,1
bad bunny,1
saint jhn,1
yusuf,1
the avett brothers,1
jason derulo,1
rod wave,1
young thug,1
saweetie,1
ariana grande,1
lil tecca,1
imagine dragons,1
maren morris,1
fit for a king,1
lil durk,1
doja cat,1
blackbear,1
jack harlow,1
sam hunt,1
ajr,1
jawsh 685,1
ac/dc,1
gunna,1
florida georgia line,1
marilyn manson,1
kendrick lamar,1
chance the rapper,1
j balvin,1
blackpink,1
jameson rodgers,1
jon pardi,1
maluma,1
old dominion,1
thomas rhett,1
lizzo,1
maddie & tae,1
iann dior,1
elton john,1
jp saxe,1
xxxtentacion,1
sza,1
big sean,1
andrew jannakos,1
panic! at the disco,1
creedence clearwater revival,1
the flaming lips,1
pj harvey,1
led zeppelin,1
kelsea ballerini,1
hardy,1
riley green,1
6ix9ine,1
stryper,1
ozuna,1
san francisco symphony,1
lil mosey,1
conan gray,1
lynyrd skynyrd,1
lauren alaina,1
needtobreathe,1
"tyler, the creator",1
my morning jacket,1
colter wall,1
bright eyes,1
troye sivan,1
justin moore,1
the mavericks,1
lil uzi vert,1
powfu,1
trevor daniel,1
young dolph,1
mac miller,1
kathleen edwards,1
chris janson,1
glass animals,1
lauren daigle,1
staysolidrocky,1
nle choppa,1
amine,1
deep purple,1
future,1
james taylor,1
superm,1
jhene aiko,1
grateful dead,1
paul mccartney,1
a$ap ferg,1
chris tomlin,1
the chicks,1
city morgue,1
nicki minaj,1
the psychedelic furs,1
logic,1
the kid laroi,1
locash,1
surfaces,1
the acacia strain,1
shawn mendes,1
brett young,1
camila cabello,1
summer walker,1
neck deep,1
oliver tree,1
fiona apple,1
ellie goulding,1
kansas,1
one direction,1
eslabon armado,1
nct 127,1
dance gavin dance,1
static-x,1
brett eldredge,1
anuel aa,1
margo price,1
monsta x,1
willie nelson,1
the charlie daniels band,1
exo,1
quavo,1
sidewalk prophets,1
selena,1
lee greenwood,1
journey,1
haim,1
khruangbin,1
6lack,1
grey daze,1
twenty one pilots,1
neil young,1
tory lanez,1
phoebe bridgers,1
lamb of god,1
a boogie wit da hoodie,1
guns n' roses,1
h.e.r.,1
chloe x halle,1
jimmy buffett,1
bob marley and the wailers,1
elevation worship,1
scotty mccreery,1
travis denning,1
gone west,1
boney james,1
the ghost inside,1
dion,1
tones and i,1
mustard,1
kip moore,1
freddie gibbs,1
the alchemist,1
kygo,1
rush,1
lil yachty,1
diplo,1
lil nas x,1
childish gambino,1
twice,1
the 1975,1
agust d,1
jordan davis,1
indigo girls,1
steve earle,1
jason isbell and the 400 unit,1
nahko and medicine for the people,1
nav,1
kehlani,1
asking alexandria,1
chase rice,1
hayley williams,1
little richard,1
lil tjay,1
jojo,1
american aquarium,1
arizona zervas,1
the used,1
lucinda williams,1
nct dream,1
danzig,1
ingrid andress,1
twiztid,1
upchurch,1
the black dahlia murder,1
john prine,1
got7,1
playboi carti,1
wiz khalifa,1
lady a,1
5 seconds of summer,1
the mountain goats,1
bill withers,1
august burns red,1
ashley mcbryde,1
red,1
testament,1
thundercat,1
the monkees,1
kiana lede,1
jessie reyez,1
joyner lucas,1
in this moment,1
partynextdoor,1
brian fallon,1
don toliver,1
niall horan,1
ynw melly,1
shaed,1
dustin lynch,1
jay electronica,1
grouplove,1
tame impala,1
five finger death punch,1
code orange,1
jelly roll,1
tyga,1
lauv,1
phantogram,1
jadakiss,1
mandy moore,1
silverstein,1
g herbo,1
the lumineers,1
tool,1
grimes,1
trippie redd,1
jimmie allen,1
the amity affliction,1
barry manilow,1
eden,1
huey lewis & the news,1
alejandro fernandez,1
nathaniel rateliff,1
carly pearce,1
prince royce,1
meek mill,1
leon bridges,1
lana del rey,1
russ,1
louis tomlinson,1
kesha,1
meghan trainor,1
yo gotti,1
drive-by truckers,1
k. michelle,1
pet shop boys,1
little big town,1
chelsea cutler,1
wale,1
nf,1
jackboys,1
poppy,1
ronnie dunn,1
normani,1
linda ronstadt,1
elvis presley,1
idina menzel,1
lil phag,1
bing crosby,1
pentatonix,1
frank sinatra,1
andy williams,1
nat king cole,1
burl ives,1
vince guaraldi trio,1
bobby helms,1
trans-siberian orchestra,1
wham!,1
jose feliciano,1
perry como,1
darlene love,1
the beach boys,1
the jacksons,1
bruce springsteen & the e street band,1
jake hoot,1
johnny mathis,1
katie kadan,1
ricky duran,1
for king & country,1
kidz bop kids,1
leonard cohen,1
ninja sex party,1
lil peep,1
pinkfong,1
21 savage,1
russell dickerson,1
matt stell,1
jeff lynne's elo,1
cody jinks,1
counterparts,1
highly suspect,1
rex orange county,1
jackson wang,1
van morrison,1
walk off the earth,1
grace potter,1
bad wolves,1
ringo starr,1
"bobby ""boris"" pickett and the crypt-kickers",1
brantley gilbert,1
alter bridge,1
g-eazy,1
jimmy eat world,1
kevin gates,1
cole swindell,1
blanco brown,1
chris lane,1
babymetal,1
waterparks,1
hillsong worship,1
the devil wears prada,1
lacuna coil,1
big thief,1
michael sweet,1
swae lee,1
wilco,1
dermot kennedy,1
sturgill simpson,1
angel olsen,1
zach williams,1
the menzingers,1
bayside,1
whiskey myers,1
opeth,1
kristin chenoweth,1
hellyeah,1
john coltrane,1
french montana,1
young m.a,1
the replacements,1
becky g,1
brittany howard,1
jeremy camp,1
as i lay dying,1
melanie martinez,1
"earth, wind & fire",1
the chainsmokers,1
ella mai,1
bazzi,1
the cars,1
starset,1
the highwomen,1
the hu,1
stereolab,1
lindsey stirling,1
home free,1
sleeping with sirens,1
bon iver,1
stick figure,1
bebe rexha,1
slipknot,1
offset,1
motley crue,1
dean lewis,1
bradley cooper,1
jenny lewis,1
blueface,1
kodak black,1
rich the kid,1
city girls,1
hozier,1
bastille,1
mercyme,1
brandi carlile,1
kacey musgraves,1
wallows,1
migos,1
stray kids,1
benny blanco,1
fletcher,1
casting crowns,1
iggy azalea,1
jerry garcia,1
greta van fleet,1
new kids on the block,1
maggie rogers,1
cody johnson,1
guster,1
james blake,1
sheck wes,1
flipp dinero,1
dj snake,1
mark ronson,1
dodie,1
sharon van etten,1
mumford & sons,1
lovelytheband,1
mitchell tenpenny,1
charlie puth,1
